Variable,Cohen d-score (w/o abs value)
2,0.8285489489982716
3,0.7393401742174734
6,0.7355908089759842
7,0.6778864180034473
4,0.6689980023389176
8,0.6568704737485097
5,0.639523509100384
0,0.6284353324074926
1,0.6077112208593646
9,0.5966070421180006
414,0.48826845742916153
462,0.46381829605677694
425,0.4542985207150536
356,0.08995000904037569
330,0.0800735818198508
180,0.07605253910728756
133,0.07512271980730476
76,0.0722054525294633
237,0.07204230593200803
215,0.06974800916745122
146,0.06734784335347217
346,0.06656498635933954
150,0.0626320036204551
463,0.06196822164894146
440,0.06084127004268268
443,0.060330542310899536
158,0.06000242831508205
366,0.059922815275145355
402,0.05931808991536396
459,0.05901966632410978
473,0.05868204928516857
55,0.058132906881739374
231,0.05732157369438144
109,0.056928422431012655
47,0.055871096128828665
446,0.055076604237178195
77,0.05478767757829627
44,0.054644472739857244
422,0.05440233501682804
300,0.054288863719250915
421,0.05332617297828409
30,0.0533157344501205
274,0.05324767631427748
401,0.05114860134609377
217,0.050463865187267275
170,0.050106796712300755
262,0.04938403232615275
494,0.04883576427616712
332,0.04852780862282889
445,0.04839909819127501
355,0.047788029962266554
267,0.04723991367935098
127,0.04656028117164958
283,0.045906215078582606
253,0.04569726577303168
198,0.044844373661893415
92,0.04435753567795274
99,0.04354146381011448
219,0.04328176704046191
124,0.04319854966866141
372,0.04314793912087593
241,0.04183162063871536
71,0.04132510812864662
345,0.041268337156606605
439,0.041220983967780365
429,0.04108695111802658
399,0.04073686894358177
488,0.040314381567053706
183,0.04026968734202703
365,0.04011498032500639
410,0.040068598505006305
137,0.03997345439051872
499,0.03977143755357047
275,0.039611105583138226
114,0.03956368321380744
249,0.039445784146859696
163,0.03890509952851358
189,0.038721953823773025
105,0.038610655327421466
171,0.038512052038217996
312,0.03839723697812111
436,0.03837233764543122
272,0.03799192535157474
14,0.03657640502106593
315,0.03655446720063261
301,0.03567032906198186
191,0.03563223119598369
202,0.03549183428502541
134,0.03546091700490684
157,0.034957071208582206
79,0.03486077711261369
81,0.034651106159299956
88,0.03397614363594675
465,0.033914942730562996
380,0.033706093042185324
36,0.03365427240485667
199,0.03347920866375289
415,0.033277958530723975
129,0.0329549345867453
257,0.03261806481552661
31,0.03214398304282853
221,0.0321019136709859
62,0.03203061105724388
184,0.031643195219630015
269,0.031552867311084545
444,0.03129514109733099
411,0.03125860789889217
491,0.031082602095577894
437,0.030725631058953564
478,0.030689828363013698
19,0.029872448396783005
251,0.029732506395709922
208,0.028511633895827244
389,0.028362044841335338
16,0.02805629173102859
329,0.027923133665079335
181,0.027920250225751495
427,0.02779739633402235
123,0.02733447276319461
298,0.02720564864576584
438,0.0268013356888284
83,0.026708794834148654
148,0.026575351865827115
280,0.02636200944035573
213,0.026157821429267925
313,0.02567897509801817
271,0.025599234610916444
489,0.025415609531626693
113,0.024997204818490534
190,0.024953609346306627
187,0.024864434826409425
310,0.024750880853581028
368,0.024560900470635014
392,0.02406095098670537
487,0.02389030131778012
246,0.0237234915228387
22,0.023544991481318556
26,0.02307571660158527
417,0.02302903324181263
108,0.022647629199411
259,0.022617559932163495
93,0.02261152097431344
27,0.0225994262813082
263,0.022497148235514623
12,0.021089931316122603
471,0.0209940823893734
220,0.02068108115169865
216,0.02028261053102093
101,0.02002836829977767
357,0.01992024787768506
13,0.019803075841764436
369,0.019758575549041403
211,0.019746124835205246
119,0.01932339028644791
65,0.019322382155774136
207,0.019296405168859894
205,0.019276232911799886
353,0.01917660533844159
428,0.018507488819937593
104,0.01823460740360299
404,0.01817962979599508
320,0.01782397933240895
340,0.01779055314856305
248,0.01776673881939873
243,0.017221918069199274
245,0.017196041755848507
233,0.017158576746516375
182,0.017105117405448497
177,0.017102087149722583
378,0.01700444323514317
457,0.01695436822757558
270,0.01634693880961808
247,0.016317669685953138
128,0.01600471944309444
255,0.0157171003327641
261,0.015641797479898797
341,0.015530848409331588
327,0.015402475888589057
143,0.015320861582622297
413,0.015283717379853193
132,0.014955712361252526
420,0.014777388173606316
107,0.014429926432718673
375,0.014028470324662165
461,0.013931054426084402
50,0.013693331449627455
138,0.013681005946068516
196,0.013521681336882307
254,0.013488202920780446
495,0.013304491182770791
17,0.012928456416763788
456,0.012651037194982399
67,0.012501254333549698
373,0.012412954701054501
175,0.012336422554555417
66,0.012256844993341285
448,0.01218108752649993
164,0.0118401843213702
91,0.011560025988765281
441,0.01150118994695628
153,0.011274168465068542
75,0.011255565035451554
296,0.011181105528922333
204,0.011174645248921516
131,0.010869328950882337
80,0.01083659750673521
94,0.010714702671404027
311,0.01031681963833091
117,0.009991856496521349
419,0.009943947283309329
496,0.009926449080970451
142,0.009715104798053091
493,0.009544055399532073
424,0.009496195846293765
116,0.009204028747107846
482,0.009110767201316743
63,0.009101053257296605
252,0.009004831183699888
130,0.00888951023479505
295,0.008658178072572653
476,0.00808429529678979
328,0.007561097702858745
230,0.007382708075302022
485,0.006895222767268869
317,0.006724155050973841
82,0.006519946326295477
265,0.006486562764847437
98,0.006477499709905304
480,0.00647027898150231
45,0.006406078726573252
40,0.006400444699824521
29,0.0063513225506646905
60,0.006297196233981408
51,0.006287085913594169
286,0.006216619272075018
34,0.006170543288951144
384,0.00597306567129653
160,0.005685715524750725
52,0.005550312951851292
303,0.005537138668932919
106,0.005294021937599271
483,0.00492603543077617
229,0.004625276816011227
337,0.004622142213898935
242,0.004552495952478067
335,0.004464441212195338
377,0.004173243755144281
396,0.004118990982132408
38,0.004106408180695108
348,0.004090426468933896
305,0.003967460396668323
53,0.003901612935374568
25,0.003786113665003664
56,0.0034778263523848425
282,0.00332605578894535
426,0.0033193989402962288
178,0.003096376157955305
423,0.003065828383227934
382,0.002380278744197532
206,0.0023651863483308885
244,0.0022832112091959607
291,0.0022634930691992038
57,0.002077480371056947
385,0.0019966361687200236
412,0.001985143419732403
432,0.0019237344896601608
381,0.0017358005689506687
59,0.0017043317914145065
360,0.0014551246164030114
397,0.0013504256852360191
35,0.0008810739695846698
179,0.0007930499728364494
100,0.0007679050851949075
161,0.0007268496179565469
193,-1.7110180911470606e-05
350,-4.859960436069062e-05
125,-0.00022176255421251678
418,-0.0005098485536562953
218,-0.0006420624580540517
370,-0.0007648128684795332
319,-0.0007737399655814232
416,-0.0010269201283868857
256,-0.0017173354972946752
276,-0.0018160928904060096
349,-0.0018566736782220782
118,-0.0019061070696998297
20,-0.0019520345795959858
37,-0.0021384345168482715
361,-0.0021542781674853064
302,-0.0022235445744798413
10,-0.0022761700383055355
28,-0.00238276369069636
21,-0.0028676445289927176
224,-0.002999202921662507
260,-0.0031011440414260914
391,-0.0032373876932413454
43,-0.003254517284695422
85,-0.003361699076111843
474,-0.004466849152529143
308,-0.004474252965980974
49,-0.004574199644982838
322,-0.0046787404529666276
383,-0.0046864266958176306
279,-0.005345111930398308
442,-0.0054398543445370335
210,-0.00579539188357021
89,-0.0058862954139708495
407,-0.006582734283794483
168,-0.006761724266871371
32,-0.0068490620966411165
278,-0.006856630140512498
306,-0.006997271906135786
277,-0.007147528904283641
455,-0.007521006930464902
15,-0.0075653976286437635
403,-0.007687736588807459
39,-0.007781289395214443
239,-0.007865891550306621
379,-0.007894108983981312
144,-0.008023424811648923
74,-0.008274144493802354
289,-0.00831399153006934
167,-0.00837040482423173
408,-0.00841187798662757
492,-0.008503042606054926
110,-0.008604498315780919
84,-0.008830530469373566
149,-0.00893245544756093
162,-0.009343358813881479
235,-0.009362393502600033
141,-0.009706198865959675
469,-0.009844538480618904
466,-0.010072280492165124
258,-0.010224505176926064
467,-0.010342053005153675
78,-0.010602399938217363
103,-0.010913485497362959
112,-0.010978787496995816
292,-0.011097975717146172
166,-0.011217020033951098
61,-0.011532851796498848
464,-0.011554486314562273
490,-0.01156178220061157
334,-0.011726363075867713
497,-0.011744975946950165
409,-0.011812143251981716
154,-0.011860168195674571
151,-0.01202769318177117
54,-0.012073596297482139
352,-0.012113645633122606
194,-0.012122412287391872
273,-0.012206695454129866
453,-0.01241204139335505
136,-0.012461809366024265
58,-0.01262263278104824
122,-0.012665321894944466
316,-0.012685442707752128
299,-0.012921387449976288
388,-0.012965191559079136
111,-0.013060235455466722
250,-0.013135157748732602
354,-0.01393059817720835
236,-0.013939525089965384
451,-0.013985261201663043
238,-0.014351866936926758
102,-0.014451511263158969
120,-0.014473683460966405
498,-0.01481530518718052
69,-0.015187125335385146
386,-0.015279536446547962
172,-0.015370844097896429
145,-0.015441566547649065
400,-0.015557819595023495
431,-0.01581643031507386
472,-0.016012366681959368
304,-0.016088637242709935
393,-0.01611695275038823
165,-0.01618896424141134
24,-0.01683686891066529
290,-0.016844387902986913
227,-0.0170178096402869
364,-0.017141774973788444
324,-0.01734991129354911
159,-0.01761768244274969
87,-0.018179570327475775
486,-0.018340160247360505
452,-0.0184419872914862
470,-0.01850847933176327
331,-0.01859709487832248
468,-0.018615602668639472
152,-0.01874056669104477
48,-0.018985634155022604
447,-0.019694816449874107
192,-0.019702571232539802
174,-0.020297922909850042
156,-0.020439778795621318
95,-0.020528691012520993
115,-0.020916085340197284
450,-0.021629317610543906
200,-0.02227559808886988
342,-0.022387603128136757
42,-0.02265365725229372
284,-0.02316451324816786
225,-0.023185001516176404
226,-0.023260326263409122
72,-0.023432074184359632
186,-0.023863609587893027
376,-0.023990774440655324
347,-0.02430115514185417
433,-0.025057434538949725
46,-0.02528337165415881
268,-0.02530689465200515
222,-0.025512562970584837
390,-0.025658883966716655
333,-0.025666989253802935
240,-0.02594615565677519
484,-0.026065145560501476
23,-0.02612816215883179
326,-0.02651224735437499
374,-0.027316444411985108
139,-0.027490636079476428
398,-0.02771661704643847
197,-0.027770062541092523
73,-0.027778789457784298
394,-0.02814641555974216
449,-0.028216586918860524
232,-0.02849538051864312
367,-0.0289857929613784
288,-0.029207456465593796
338,-0.02927131882623389
68,-0.02968832478418754
454,-0.02980834521165166
314,-0.029926979879206988
195,-0.030102011920438206
234,-0.03043950795591856
318,-0.030469215752223645
307,-0.030638548375271527
18,-0.030901245447777576
323,-0.031173768042908903
434,-0.03185896559396973
321,-0.032019849884352004
212,-0.032453292480610435
203,-0.03249295655893312
228,-0.033549021948709734
264,-0.03374509591593169
435,-0.03387571611139583
96,-0.0344645499502147
188,-0.03473872041529793
147,-0.03474163942867381
135,-0.035114198955051065
362,-0.03522449458825585
209,-0.03535660495057064
214,-0.03655804762472404
285,-0.03812555366660716
359,-0.03813326754237973
70,-0.038419653387778266
11,-0.038847664991862964
185,-0.039421397812716114
176,-0.039762916528558345
281,-0.040093466823991314
387,-0.04203250769129263
266,-0.04203710676274752
173,-0.042534052848323296
358,-0.04312018603059012
86,-0.043545561781966016
406,-0.044174282005085726
309,-0.04502397144546073
64,-0.04604091487894635
325,-0.0463584072152015
371,-0.04638453617634477
287,-0.04668236602815613
223,-0.04741776891352076
97,-0.04939451419814427
121,-0.050219101448450224
343,-0.05154418476937185
90,-0.052472024007307494
33,-0.05265358313123415
155,-0.05267132514739002
430,-0.05391161952354315
460,-0.053920514511915124
479,-0.054892995273677664
169,-0.055517803152233446
477,-0.05605264619123754
126,-0.056488665727176694
363,-0.05747346040759842
41,-0.0577557485860968
475,-0.05839985394157178
344,-0.05841737528836116
458,-0.060800404963394145
336,-0.061172920935735786
201,-0.06154775932492122
297,-0.06208654952958899
293,-0.06437814922257826
481,-0.06635589116897973
294,-0.06637349172248067
395,-0.06839662201954956
140,-0.07406760341971065
405,-0.07559559258288776
351,-0.09081921692002469
339,-0.09991225560276593
